<?xml version="1.0" encoding="UTF-8"?>
<Publication_MarketDocument xmlns="urn:iec62325.351:tc57wg16:451-3:publicationdocument:7:0">
	<mRID>e4d5669d32be4b09b784e5d1eab6a239</mRID>
	<revisionNumber>1</revisionNumber>
	<type>A44</type>
	<sender_MarketParticipant.mRID codingScheme="A01">10X1001A1001A450</sender_MarketParticipant.mRID>
	<sender_MarketParticipant.marketRole.type>A32</sender_MarketParticipant.marketRole.type>
	<receiver_MarketParticipant.mRID codingScheme="A01">10X1001A1001A450</receiver_MarketParticipant.mRID>
	<receiver_MarketParticipant.marketRole.type>A33</receiver_MarketParticipant.marketRole.type>
	<createdDateTime>2022-12-28T12:32:18Z</createdDateTime>
	<period.timeInterval>
		<start>2022-12-28T23:00Z</start>
		<end>2022-12-29T23:00Z</end>
	</period.timeInterval>
	<TimeSeries>
		<mRID>1</mRID>
		<businessType>A62</businessType>
		<in_Domain.mRID codingScheme="A01">10Y1001A1001A82H</in_Domain.mRID>
		<out_Domain.mRID codingScheme="A01">10Y1001A1001A82H</out_Domain.mRID>
		<currency_Unit.name>EUR</currency_Unit.name>
		<price_Measure_Unit.name>MWH</price_Measure_Unit.name>
		<curveType>A01</curveType>
			<Period>
				<timeInterval>
					<start>2022-12-28T23:00Z</start>
					<end>2022-12-29T23:00Z</end>
				</timeInterval>
				<resolution>PT15M</resolution>
					<Point>
						<position>1</position>
						<price.amount>37.84</price.amount>
					</Point>
					<Point>
						<position>2</position>
						<price.amount>-12.20</price.amount>
					</Point>
					<Point>
						<position>3</position>
						<price.amount>-24.92</price.amount>
					</Point>
					<Point>
						<position>4</position>
						<price.amount>-24.95</price.amount>
					</Point>
					<Point>
						<position>5</position>
						<price.amount>3.83</price.amount>
					</Point>
					<Point>
						<position>6</position>
						<price.amount>-23.58</price.amount>
					</Point>
					<Point>
						<position>7</position>
						<price.amount>-24.92</price.amount>
					</Point>
					<Point>
						<position>8</position>
						<price.amount>-24.93</price.amount>
					</Point>
					<Point>
						<position>9</position>
						<price.amount>-24.90</price.amount>
					</Point>
					<Point>
						<position>10</position>
						<price.amount>-24.92</price.amount>
					</Point>
					<Point>
						<position>11</position>
						<price.amount>-24.93</price.amount>
					</Point>
					<Point>
						<position>12</position>
						<price.amount>-24.91</price.amount>
					</Point>
					<Point>
						<position>13</position>
						<price.amount>-24.95</price.amount>
					</Point>
					<Point>
						<position>14</position>
						<price.amount>-24.96</price.amount>
					</Point>
					<Point>
						<position>15</position>
						<price.amount>-24.96</price.amount>
					</Point>
					<Point>
						<position>16</position>
						<price.amount>-24.93</price.amount>
					</Point>
					<Point>
						<position>17</position>
						<price.amount>-24.98</price.amount>
					</Point>
					<Point>
						<position>18</position>
						<price.amount>-24.98</price.amount>
					</Point>
					<Point>
						<position>19</position>
						<price.amount>-24.95</price.amount>
					</Point>
					<Point>
						<position>20</position>
						<price.amount>-14.11</price.amount>
					</Point>
					<Point>
						<position>21</position>
						<price.amount>-55.04</price.amount>
					</Point>
					<Point>
						<position>22</position>
						<price.amount>-49.94</price.amount>
					</Point>
					<Point>
						<position>23</position>
						<price.amount>-24.91</price.amount>
					</Point>
					<Point>
						<position>24</position>
						<price.amount>41.95</price.amount>
					</Point>
					<Point>
						<position>25</position>
						<price.amount>-43.62</price.amount>
					</Point>
					<Point>
						<position>26</position>
						<price.amount>-25.00</price.amount>
					</Point>
					<Point>
						<position>27</position>
						<price.amount>-24.90</price.amount>
					</Point>
					<Point>
						<position>28</position>
						<price.amount>10.21</price.amount>
					</Point>
					<Point>
						<position>29</position>
						<price.amount>-24.90</price.amount>
					</Point>
					<Point>
						<position>30</position>
						<price.amount>-13.98</price.amount>
					</Point>
					<Point>
						<position>31</position>
						<price.amount>-2.93</price.amount>
					</Point>
					<Point>
						<position>32</position>
						<price.amount>43.94</price.amount>
					</Point>
					<Point>
						<position>33</position>
						<price.amount>-11.93</price.amount>
					</Point>
					<Point>
						<position>34</position>
						<price.amount>-0.91</price.amount>
					</Point>
					<Point>
						<position>35</position>
						<price.amount>25.33</price.amount>
					</Point>
					<Point>
						<position>36</position>
						<price.amount>40.91</price.amount>
					</Point>
					<Point>
						<position>37</position>
						<price.amount>6.71</price.amount>
					</Point>
					<Point>
						<position>38</position>
						<price.amount>2.09</price.amount>
					</Point>
					<Point>
						<position>39</position>
						<price.amount>5.08</price.amount>
					</Point>
					<Point>
						<position>40</position>
						<price.amount>17.31</price.amount>
					</Point>
					<Point>
						<position>41</position>
						<price.amount>11.09</price.amount>
					</Point>
					<Point>
						<position>42</position>
						<price.amount>10.06</price.amount>
					</Point>
					<Point>
						<position>43</position>
						<price.amount>11.05</price.amount>
					</Point>
					<Point>
						<position>44</position>
						<price.amount>11.04</price.amount>
					</Point>
					<Point>
						<position>45</position>
						<price.amount>38.91</price.amount>
					</Point>
					<Point>
						<position>46</position>
						<price.amount>36.94</price.amount>
					</Point>
					<Point>
						<position>47</position>
						<price.amount>32.70</price.amount>
					</Point>
					<Point>
						<position>48</position>
						<price.amount>29.30</price.amount>
					</Point>
					<Point>
						<position>49</position>
						<price.amount>38.94</price.amount>
					</Point>
					<Point>
						<position>50</position>
						<price.amount>34.94</price.amount>
					</Point>
					<Point>
						<position>51</position>
						<price.amount>32.91</price.amount>
					</Point>
					<Point>
						<position>52</position>
						<price.amount>17.46</price.amount>
					</Point>
					<Point>
						<position>53</position>
						<price.amount>21.99</price.amount>
					</Point>
					<Point>
						<position>54</position>
						<price.amount>24.92</price.amount>
					</Point>
					<Point>
						<position>55</position>
						<price.amount>30.90</price.amount>
					</Point>
					<Point>
						<position>56</position>
						<price.amount>16.94</price.amount>
					</Point>
					<Point>
						<position>57</position>
						<price.amount>3.81</price.amount>
					</Point>
					<Point>
						<position>58</position>
						<price.amount>6.10</price.amount>
					</Point>
					<Point>
						<position>59</position>
						<price.amount>25.50</price.amount>
					</Point>
					<Point>
						<position>60</position>
						<price.amount>27.07</price.amount>
					</Point>
					<Point>
						<position>61</position>
						<price.amount>11.94</price.amount>
					</Point>
					<Point>
						<position>62</position>
						<price.amount>45.86</price.amount>
					</Point>
					<Point>
						<position>63</position>
						<price.amount>63.51</price.amount>
					</Point>
					<Point>
						<position>64</position>
						<price.amount>75.91</price.amount>
					</Point>
					<Point>
						<position>65</position>
						<price.amount>16.00</price.amount>
					</Point>
					<Point>
						<position>66</position>
						<price.amount>47.00</price.amount>
					</Point>
					<Point>
						<position>67</position>
						<price.amount>39.11</price.amount>
					</Point>
					<Point>
						<position>68</position>
						<price.amount>57.24</price.amount>
					</Point>
					<Point>
						<position>69</position>
						<price.amount>59.00</price.amount>
					</Point>
					<Point>
						<position>70</position>
						<price.amount>68.64</price.amount>
					</Point>
					<Point>
						<position>71</position>
						<price.amount>83.04</price.amount>
					</Point>
					<Point>
						<position>72</position>
						<price.amount>87.05</price.amount>
					</Point>
					<Point>
						<position>73</position>
						<price.amount>51.41</price.amount>
					</Point>
					<Point>
						<position>74</position>
						<price.amount>76.01</price.amount>
					</Point>
					<Point>
						<position>75</position>
						<price.amount>37.48</price.amount>
					</Point>
					<Point>
						<position>76</position>
						<price.amount>43.00</price.amount>
					</Point>
					<Point>
						<position>77</position>
						<price.amount>75.06</price.amount>
					</Point>
					<Point>
						<position>78</position>
						<price.amount>70.00</price.amount>
					</Point>
					<Point>
						<position>79</position>
						<price.amount>30.06</price.amount>
					</Point>
					<Point>
						<position>80</position>
						<price.amount>20.03</price.amount>
					</Point>
					<Point>
						<position>81</position>
						<price.amount>139.99</price.amount>
					</Point>
					<Point>
						<position>82</position>
						<price.amount>60.03</price.amount>
					</Point>
					<Point>
						<position>83</position>
						<price.amount>10.01</price.amount>
					</Point>
					<Point>
						<position>84</position>
						<price.amount>-24.90</price.amount>
					</Point>
					<Point>
						<position>85</position>
						<price.amount>80.95</price.amount>
					</Point>
					<Point>
						<position>86</position>
						<price.amount>44.05</price.amount>
					</Point>
					<Point>
						<position>87</position>
						<price.amount>37.00</price.amount>
					</Point>
					<Point>
						<position>88</position>
						<price.amount>-9.92</price.amount>
					</Point>
					<Point>
						<position>89</position>
						<price.amount>112.42</price.amount>
					</Point>
					<Point>
						<position>90</position>
						<price.amount>54.73</price.amount>
					</Point>
					<Point>
						<position>91</position>
						<price.amount>4.78</price.amount>
					</Point>
					<Point>
						<position>92</position>
						<price.amount>-19.93</price.amount>
					</Point>
					<Point>
						<position>93</position>
						<price.amount>72.09</price.amount>
					</Point>
					<Point>
						<position>94</position>
						<price.amount>29.05</price.amount>
					</Point>
					<Point>
						<position>95</position>
						<price.amount>2.92</price.amount>
					</Point>
					<Point>
						<position>96</position>
						<price.amount>4.41</price.amount>
					</Point>
			</Period>
	</TimeSeries>
	<TimeSeries>
		<mRID>2</mRID>
		<businessType>A62</businessType>
		<in_Domain.mRID codingScheme="A01">10Y1001A1001A82H</in_Domain.mRID>
		<out_Domain.mRID codingScheme="A01">10Y1001A1001A82H</out_Domain.mRID>
		<currency_Unit.name>EUR</currency_Unit.name>
		<price_Measure_Unit.name>MWH</price_Measure_Unit.name>
		<curveType>A01</curveType>
			<Period>
				<timeInterval>
					<start>2022-12-28T23:00Z</start>
					<end>2022-12-29T23:00Z</end>
				</timeInterval>
				<resolution>PT60M</resolution>
					<Point>
						<position>1</position>
						<price.amount>-1.01</price.amount>
					</Point>
					<Point>
						<position>2</position>
						<price.amount>-1.05</price.amount>
					</Point>
					<Point>
						<position>3</position>
						<price.amount>-1.10</price.amount>
					</Point>
					<Point>
						<position>4</position>
						<price.amount>-2.18</price.amount>
					</Point>
					<Point>
						<position>5</position>
						<price.amount>-2.05</price.amount>
					</Point>
					<Point>
						<position>6</position>
						<price.amount>-0.98</price.amount>
					</Point>
					<Point>
						<position>7</position>
						<price.amount>-0.05</price.amount>
					</Point>
					<Point>
						<position>8</position>
						<price.amount>0.09</price.amount>
					</Point>
					<Point>
						<position>9</position>
						<price.amount>8.98</price.amount>
					</Point>
					<Point>
						<position>10</position>
						<price.amount>5.97</price.amount>
					</Point>
					<Point>
						<position>11</position>
						<price.amount>5.28</price.amount>
					</Point>
					<Point>
						<position>12</position>
						<price.amount>4.01</price.amount>
					</Point>
					<Point>
						<position>13</position>
						<price.amount>1.99</price.amount>
					</Point>
					<Point>
						<position>14</position>
						<price.amount>3.40</price.amount>
					</Point>
					<Point>
						<position>15</position>
						<price.amount>19.95</price.amount>
					</Point>
					<Point>
						<position>16</position>
						<price.amount>24.54</price.amount>
					</Point>
					<Point>
						<position>17</position>
						<price.amount>27.20</price.amount>
					</Point>
					<Point>
						<position>18</position>
						<price.amount>34.54</price.amount>
					</Point>
					<Point>
						<position>19</position>
						<price.amount>51.41</price.amount>
					</Point>
					<Point>
						<position>20</position>
						<price.amount>47.94</price.amount>
					</Point>
					<Point>
						<position>21</position>
						<price.amount>26.62</price.amount>
					</Point>
					<Point>
						<position>22</position>
						<price.amount>25.01</price.amount>
					</Point>
					<Point>
						<position>23</position>
						<price.amount>26.31</price.amount>
					</Point>
					<Point>
						<position>24</position>
						<price.amount>21.07</price.amount>
					</Point>
			</Period>
	</TimeSeries>
</Publication_MarketDocument>