<?xml version="1.0" encoding="UTF-8"?>
<Publication_MarketDocument xmlns="urn:iec62325.351:tc57wg16:451-3:publicationdocument:7:0">
	<mRID>28a253779c57401aab31c234e5b550a6</mRID>
	<revisionNumber>1</revisionNumber>
	<type>A44</type>
	<sender_MarketParticipant.mRID codingScheme="A01">10X1001A1001A450</sender_MarketParticipant.mRID>
	<sender_MarketParticipant.marketRole.type>A32</sender_MarketParticipant.marketRole.type>
	<receiver_MarketParticipant.mRID codingScheme="A01">10X1001A1001A450</receiver_MarketParticipant.mRID>
	<receiver_MarketParticipant.marketRole.type>A33</receiver_MarketParticipant.marketRole.type>
	<createdDateTime>2022-12-28T12:32:18Z</createdDateTime>
	<period.timeInterval>
		<start>2022-12-27T23:00Z</start>
		<end>2022-12-28T23:00Z</end>
	</period.timeInterval>
	<TimeSeries>
		<mRID>1</mRID>
		<businessType>A62</businessType>
		<in_Domain.mRID codingScheme="A01">10Y1001A1001A82H</in_Domain.mRID>
		<out_Domain.mRID codingScheme="A01">10Y1001A1001A82H</out_Domain.mRID>
		<currency_Unit.name>EUR</currency_Unit.name>
		<price_Measure_Unit.name>MWH</price_Measure_Unit.name>
		<curveType>A01</curveType>
			<Period>
				<timeInterval>
					<start>2022-12-27T23:00Z</start>
					<end>2022-12-28T23:00Z</end>
				</timeInterval>
				<resolution>PT15M</resolution>
					<Point>
						<position>1</position>
						<price.amount>107.45</price.amount>
					</Point>
					<Point>
						<position>2</position>
						<price.amount>90.09</price.amount>
					</Point>
					<Point>
						<position>3</position>
						<price.amount>58.09</price.amount>
					</Point>
					<Point>
						<position>4</position>
						<price.amount>28.40</price.amount>
					</Point>
					<Point>
						<position>5</position>
						<price.amount>79.25</price.amount>
					</Point>
					<Point>
						<position>6</position>
						<price.amount>50.09</price.amount>
					</Point>
					<Point>
						<position>7</position>
						<price.amount>32.42</price.amount>
					</Point>
					<Point>
						<position>8</position>
						<price.amount>6.80</price.amount>
					</Point>
					<Point>
						<position>9</position>
						<price.amount>64.45</price.amount>
					</Point>
					<Point>
						<position>10</position>
						<price.amount>36.90</price.amount>
					</Point>
					<Point>
						<position>11</position>
						<price.amount>8.55</price.amount>
					</Point>
					<Point>
						<position>12</position>
						<price.amount>3.79</price.amount>
					</Point>
					<Point>
						<position>13</position>
						<price.amount>33.24</price.amount>
					</Point>
					<Point>
						<position>14</position>
						<price.amount>18.67</price.amount>
					</Point>
					<Point>
						<position>15</position>
						<price.amount>-1.00</price.amount>
					</Point>
					<Point>
						<position>16</position>
						<price.amount>4.90</price.amount>
					</Point>
					<Point>
						<position>17</position>
						<price.amount>11.31</price.amount>
					</Point>
					<Point>
						<position>18</position>
						<price.amount>8.63</price.amount>
					</Point>
					<Point>
						<position>19</position>
						<price.amount>8.41</price.amount>
					</Point>
					<Point>
						<position>20</position>
						<price.amount>18.40</price.amount>
					</Point>
					<Point>
						<position>21</position>
						<price.amount>-6.06</price.amount>
					</Point>
					<Point>
						<position>22</position>
						<price.amount>3.39</price.amount>
					</Point>
					<Point>
						<position>23</position>
						<price.amount>21.43</price.amount>
					</Point>
					<Point>
						<position>24</position>
						<price.amount>68.10</price.amount>
					</Point>
					<Point>
						<position>25</position>
						<price.amount>2.26</price.amount>
					</Point>
					<Point>
						<position>26</position>
						<price.amount>18.24</price.amount>
					</Point>
					<Point>
						<position>27</position>
						<price.amount>46.43</price.amount>
					</Point>
					<Point>
						<position>28</position>
						<price.amount>61.06</price.amount>
					</Point>
					<Point>
						<position>29</position>
						<price.amount>20.62</price.amount>
					</Point>
					<Point>
						<position>30</position>
						<price.amount>56.36</price.amount>
					</Point>
					<Point>
						<position>31</position>
						<price.amount>73.40</price.amount>
					</Point>
					<Point>
						<position>32</position>
						<price.amount>97.62</price.amount>
					</Point>
					<Point>
						<position>33</position>
						<price.amount>49.25</price.amount>
					</Point>
					<Point>
						<position>34</position>
						<price.amount>73.91</price.amount>
					</Point>
					<Point>
						<position>35</position>
						<price.amount>80.15</price.amount>
					</Point>
					<Point>
						<position>36</position>
						<price.amount>99.37</price.amount>
					</Point>
					<Point>
						<position>37</position>
						<price.amount>72.09</price.amount>
					</Point>
					<Point>
						<position>38</position>
						<price.amount>79.25</price.amount>
					</Point>
					<Point>
						<position>39</position>
						<price.amount>83.65</price.amount>
					</Point>
					<Point>
						<position>40</position>
						<price.amount>92.48</price.amount>
					</Point>
					<Point>
						<position>41</position>
						<price.amount>85.33</price.amount>
					</Point>
					<Point>
						<position>42</position>
						<price.amount>73.27</price.amount>
					</Point>
					<Point>
						<position>43</position>
						<price.amount>77.75</price.amount>
					</Point>
					<Point>
						<position>44</position>
						<price.amount>82.21</price.amount>
					</Point>
					<Point>
						<position>45</position>
						<price.amount>68.95</price.amount>
					</Point>
					<Point>
						<position>46</position>
						<price.amount>78.35</price.amount>
					</Point>
					<Point>
						<position>47</position>
						<price.amount>92.36</price.amount>
					</Point>
					<Point>
						<position>48</position>
						<price.amount>93.78</price.amount>
					</Point>
					<Point>
						<position>49</position>
						<price.amount>84.75</price.amount>
					</Point>
					<Point>
						<position>50</position>
						<price.amount>97.20</price.amount>
					</Point>
					<Point>
						<position>51</position>
						<price.amount>98.26</price.amount>
					</Point>
					<Point>
						<position>52</position>
						<price.amount>100.10</price.amount>
					</Point>
					<Point>
						<position>53</position>
						<price.amount>92.63</price.amount>
					</Point>
					<Point>
						<position>54</position>
						<price.amount>97.97</price.amount>
					</Point>
					<Point>
						<position>55</position>
						<price.amount>96.73</price.amount>
					</Point>
					<Point>
						<position>56</position>
						<price.amount>88.59</price.amount>
					</Point>
					<Point>
						<position>57</position>
						<price.amount>80.01</price.amount>
					</Point>
					<Point>
						<position>58</position>
						<price.amount>84.93</price.amount>
					</Point>
					<Point>
						<position>59</position>
						<price.amount>95.01</price.amount>
					</Point>
					<Point>
						<position>60</position>
						<price.amount>109.57</price.amount>
					</Point>
					<Point>
						<position>61</position>
						<price.amount>89.39</price.amount>
					</Point>
					<Point>
						<position>62</position>
						<price.amount>84.72</price.amount>
					</Point>
					<Point>
						<position>63</position>
						<price.amount>99.98</price.amount>
					</Point>
					<Point>
						<position>64</position>
						<price.amount>125.92</price.amount>
					</Point>
					<Point>
						<position>65</position>
						<price.amount>82.10</price.amount>
					</Point>
					<Point>
						<position>66</position>
						<price.amount>100.27</price.amount>
					</Point>
					<Point>
						<position>67</position>
						<price.amount>112.75</price.amount>
					</Point>
					<Point>
						<position>68</position>
						<price.amount>123.20</price.amount>
					</Point>
					<Point>
						<position>69</position>
						<price.amount>112.01</price.amount>
					</Point>
					<Point>
						<position>70</position>
						<price.amount>122.58</price.amount>
					</Point>
					<Point>
						<position>71</position>
						<price.amount>129.49</price.amount>
					</Point>
					<Point>
						<position>72</position>
						<price.amount>98.19</price.amount>
					</Point>
					<Point>
						<position>73</position>
						<price.amount>154.33</price.amount>
					</Point>
					<Point>
						<position>74</position>
						<price.amount>121.03</price.amount>
					</Point>
					<Point>
						<position>75</position>
						<price.amount>110.82</price.amount>
					</Point>
					<Point>
						<position>76</position>
						<price.amount>88.77</price.amount>
					</Point>
					<Point>
						<position>77</position>
						<price.amount>124.71</price.amount>
					</Point>
					<Point>
						<position>78</position>
						<price.amount>100.25</price.amount>
					</Point>
					<Point>
						<position>79</position>
						<price.amount>90.76</price.amount>
					</Point>
					<Point>
						<position>80</position>
						<price.amount>80.01</price.amount>
					</Point>
					<Point>
						<position>81</position>
						<price.amount>108.13</price.amount>
					</Point>
					<Point>
						<position>82</position>
						<price.amount>105.08</price.amount>
					</Point>
					<Point>
						<position>83</position>
						<price.amount>76.82</price.amount>
					</Point>
					<Point>
						<position>84</position>
						<price.amount>45.05</price.amount>
					</Point>
					<Point>
						<position>85</position>
						<price.amount>114.12</price.amount>
					</Point>
					<Point>
						<position>86</position>
						<price.amount>87.29</price.amount>
					</Point>
					<Point>
						<position>87</position>
						<price.amount>63.36</price.amount>
					</Point>
					<Point>
						<position>88</position>
						<price.amount>21.14</price.amount>
					</Point>
					<Point>
						<position>89</position>
						<price.amount>116.51</price.amount>
					</Point>
					<Point>
						<position>90</position>
						<price.amount>67.71</price.amount>
					</Point>
					<Point>
						<position>91</position>
						<price.amount>55.13</price.amount>
					</Point>
					<Point>
						<position>92</position>
						<price.amount>30.78</price.amount>
					</Point>
					<Point>
						<position>93</position>
						<price.amount>86.91</price.amount>
					</Point>
					<Point>
						<position>94</position>
						<price.amount>58.45</price.amount>
					</Point>
					<Point>
						<position>95</position>
						<price.amount>47.06</price.amount>
					</Point>
					<Point>
						<position>96</position>
						<price.amount>-5.85</price.amount>
					</Point>
			</Period>
	</TimeSeries>
	<TimeSeries>
		<mRID>2</mRID>
		<businessType>A62</businessType>
		<in_Domain.mRID codingScheme="A01">10Y1001A1001A82H</in_Domain.mRID>
		<out_Domain.mRID codingScheme="A01">10Y1001A1001A82H</out_Domain.mRID>
		<currency_Unit.name>EUR</currency_Unit.name>
		<price_Measure_Unit.name>MWH</price_Measure_Unit.name>
		<curveType>A01</curveType>
			<Period>
				<timeInterval>
					<start>2022-12-27T23:00Z</start>
					<end>2022-12-28T23:00Z</end>
				</timeInterval>
				<resolution>PT60M</resolution>
					<Point>
						<position>1</position>
						<price.amount>40.28</price.amount>
					</Point>
					<Point>
						<position>2</position>
						<price.amount>33.13</price.amount>
					</Point>
					<Point>
						<position>3</position>
						<price.amount>10.31</price.amount>
					</Point>
					<Point>
						<position>4</position>
						<price.amount>0.05</price.amount>
					</Point>
					<Point>
						<position>5</position>
						<price.amount>0.03</price.amount>
					</Point>
					<Point>
						<position>6</position>
						<price.amount>0.10</price.amount>
					</Point>
					<Point>
						<position>7</position>
						<price.amount>16.97</price.amount>
					</Point>
					<Point>
						<position>8</position>
						<price.amount>31.41</price.amount>
					</Point>
					<Point>
						<position>9</position>
						<price.amount>43.24</price.amount>
					</Point>
					<Point>
						<position>10</position>
						<price.amount>63.63</price.amount>
					</Point>
					<Point>
						<position>11</position>
						<price.amount>68.38</price.amount>
					</Point>
					<Point>
						<position>12</position>
						<price.amount>59.95</price.amount>
					</Point>
					<Point>
						<position>13</position>
						<price.amount>52.08</price.amount>
					</Point>
					<Point>
						<position>14</position>
						<price.amount>47.09</price.amount>
					</Point>
					<Point>
						<position>15</position>
						<price.amount>71.10</price.amount>
					</Point>
					<Point>
						<position>16</position>
						<price.amount>71.08</price.amount>
					</Point>
					<Point>
						<position>17</position>
						<price.amount>85.77</price.amount>
					</Point>
					<Point>
						<position>18</position>
						<price.amount>89.71</price.amount>
					</Point>
					<Point>
						<position>19</position>
						<price.amount>87.43</price.amount>
					</Point>
					<Point>
						<position>20</position>
						<price.amount>71.77</price.amount>
					</Point>
					<Point>
						<position>21</position>
						<price.amount>55.10</price.amount>
					</Point>
					<Point>
						<position>22</position>
						<price.amount>46.42</price.amount>
					</Point>
					<Point>
						<position>23</position>
						<price.amount>35.45</price.amount>
					</Point>
					<Point>
						<position>24</position>
						<price.amount>21.05</price.amount>
					</Point>
			</Period>
	</TimeSeries>
</Publication_MarketDocument>